{
	"name": "gcal_flow",
	"version": "3.0.1",
	"title": "jQuery gCalFlow",
	"description": "jQuery plug-in to format your google calenar feeds.",
	"keywords": [
		"calendar",
		"google-calendar"
	],
	"author": {
		"name": "Tatsuki Sugiura",
		"email": "sugi@nemui.org",
		"url": "https://github.com/sugi/"
	},
	"licenses": [
		{
		"type": "MIT",
		"url": "http://www.opensource.org/licenses/MIT"
		}
	],
	"download": "https://googledrive.com/host/0B1NvujAKTAEaRXRTT1c3dGpZRDA/jquery-gcal-flow-3.0.1.zip",
	"bugs": "https://github.com/sugi/jquery-gcal-flow/issues",
	"homepage": "http://sugi.github.io/jquery-gcal-flow/",
	"dependencies": {
		"jquery": ">=1.5"
	}
}
